PAIS,FINCAID,FINCANOMB,CAMPOID,CAMPONOMB,UEID,UENOMB,MUESTRAID,MUESTNOMB,MUESTIPO,MUESTLONG,MUESTLATI,MUESTFECHA,MUESTPROINI,MUESTPROFIN,SUELOPROD,CARBONO,DA,,,,,,
Venezuela,F01,Finca_1,C01,1.A,U01,UE_1.A,M001,1,Compuesta,-67.783750000,10.418805556,04-07-22,0.0,20.0,0.16,1.13,1.21,-67.783750,10.418806,Buena,,,
Venezuela,F01,Finca_1,C02,1.B,U02,UE_1.B,M002,2,Compuesta,-67.782055556,10.418805556,04-07-22,0.0,20.0,0.16,1.67,1.07,0.001694,0.000000,Buena,,,
Venezuela,F01,Finca_1,C03,1.C,U03,UE_1.C,M003,3,Compuesta,-67.780722222,10.418833333,04-07-22,0.0,20.0,0.16,0.90,1.34,0.001333,0.000028,Buena,,,
Venezuela,F02,Finca_2,C04,2.A,U04,UE_2.A,M004,4,Compuesta,-67.782638889,10.417166667,04-07-22,0.0,20.0,0.85,1.77,1.29,-0.001917,-0.001667,Buena,,,
Venezuela,F02,Finca_2,C05,2.B,U05,UE_2.B,M005,5,Compuesta,-67.784666667,10.417472222,04-07-22,0.0,20.0,0.85,1.04,1.40,-0.002028,0.000306,Buena,,,
Venezuela,F03,Finca_3,C06,3.A,U06,UE_3.A,M006,6,Compuesta,-67.789361111,10.402666667,27-07-22,0.0,20.0,0.32,0.92,1.72,-0.004694,-0.014806,Buena,,,
Venezuela,F03,Finca_3,C07,3.B,U07,UE_3.B,M007,7,Compuesta,-67.788138889,10.402972222,27-07-22,0.0,20.0,0.32,0.53,1.82,0.001222,0.000306,Buena,,,
Venezuela,F04,Finca_4,C08,4.A,U08,UE_4.A,M008,8,Compuesta,-67.771055556,10.440583333,27-07-22,0.0,20.0,0.15,1.95,1.53,0.017083,0.037611,Buena,,,
Venezuela,F04,Finca_4,C09,4.B,U09,UE_4.B,M009,9,Compuesta,-67.772527778,10.441111111,27-07-22,0.0,20.0,0.15,1.04,1.46,-0.001472,0.000528,Buena,,9,
Argentina,F05,EEA INTA Abra Pampa,C10,INTA,U10,INTA,M010,1,Compuesta,-65.696964000,-22.722849000,04-05-22,0.0,10.0,1.9,1.46,1.15,-65.696964,-22.722849,,,,
Argentina,F05,EEA INTA Abra Pampa,C10,INTA,U10,INTA,M011,1,Compuesta,-65.696964000,-22.722849000,04-05-22,10.0,30.0,1.9,0.84,1.27,0.000000,0.000000,,,,
Argentina,F05,EEA INTA Abra Pampa,C11,JS,U11,JS,M012,1,Compuesta,-65.696964000,-22.722849000,04-05-22,0.0,10.0,1.9,2.67,0.93,0.000000,0.000000,no se justifica,,,
Argentina,F05,EEA INTA Abra Pampa,C11,JS,U11,JS,M013,1,Compuesta,-65.696964000,-22.722849000,04-05-22,10.0,30.0,1.9,1.01,1.15,0.000000,0.000000,no se justifica,este grupo son dos campos y 4 UE con la misma fecha y solo dos profundidades diefrentes y se coloca una sola coordenadas para los cuatros registros,,
Argentina,F06,Humahuaca,C12,,U12,HUM,M014,1,Compuesta,-65.341666660,-23.197777000,06-05-22,0.0,10.0,,0.80,1.42,0.355297,-0.474928,Buena,,,
Argentina,FO6,Humahuaca,C12,,U12,HUM,M015,,Compuesta,-65.341666660,-23.197777000,06-05-22,10.0,30.0,,0.57,1.47,0.000000,0.000000,Buena,,,
Argentina,F07,Maimará,C13,,U13,MAI,M016,1,Compuesta,-65.407777700,-23.629722220,06-05-22,0.0,10.0,,1.37,1.51,-0.066111,-0.431945,Buena,,,
Argentina,F07,Maimará,C13,,U13,MAI,M017,,Compuesta,-65.407777700,-23.629722220,06-05-22,10.0,30.0,,0.77,1.55,0.000000,0.000000,Buena,,,
Argentina,F08,Tumbaya,C14,,U14,TUM,M018,,Compuesta,-65.503333300,-23.843055500,06-05-22,0.0,10.0,,1.64,1.47,-0.095556,-0.213333,Buena,,,
Argentina,F08,Tumbaya,C14,,U14,TUM,M019,1,Compuesta,-65.503333300,-23.843055500,06-05-22,10.0,30.0,,1.15,1.40,0.000000,0.000000,Buena,,,
Argentina,F09,Salta 1,C15,,U15,SAL1,M020,1,Compuesta,-64.099247000,-23.286089000,01-06-22,0.0,10.0,,1.08,0.99,1.404086,0.556966,Buena,,,
Argentina,F09,Salta 1,C15,,U15,SAL1,M021,1,Compuesta,-64.099247000,-23.286089000,01-06-22,10.0,30.0,,0.68,1.15,0.000000,0.000000,Buena,,,
Argentina,F10,Salta 2,C16,,U16,SAL2,M022,1,Compuesta,-65.422200000,-24.898600000,04-04-22,0.0,10.0,,1.05,1.55,-1.322953,-1.612511,Buena,,,
Argentina,F10,Salta 2,C16,,U16,SAL2,M023,1,Compuesta,-65.422200000,-24.898600000,04-04-22,10.0,30.0,,0.67,1.65,0.000000,0.000000,Buena,,,
Argentina,F11,Saenz Peña,C17,,U17,SP,M024,1,Compuesta,-60.395277000,-26.840277700,14-04-22,0.0,10.0,1.5,1.34,1.23,5.026923,-1.941678,Buena,,,
Argentina,F11,Saenz Peña,C17,,U17,SP,M025,1,Compuesta,-60.395277000,-26.840277700,14-04-22,10.0,30.0,1.5,0.76,1.31,0.000000,0.000000,Buena,,,
Argentina,F12,Quimili,C18,,U18,Qui,M026,1,Compuesta,-62.914150000,-28.642291000,20-04-22,0.0,10.0,13.8,1.40,1.16,-2.518873,-1.802013,Buena,,,
Argentina,F12,Quimili,C18,,U18,Qui,M027,1,Compuesta,-62.914150000,-28.642291000,20-04-22,10.0,30.0,13.8,0.60,1.27,0.000000,0.000000,Buena,,,
Argentina,F13,Quitilipi,C19,,U19,Quit,M028,1,Compuesta,-60.173333000,-26.456111000,20-06-22,0.0,10.0,1.7,1.58,1.14,2.740817,2.186180,Buena,,,
Argentina,F13,Quitilipi,C19,,U19,Quit,M029,1,Compuesta,-60.173333000,-26.456111000,20-06-22,10.0,30.0,1.7,1.38,1.37,0.000000,0.000000,Buena,,,
Argentina,F14,Chacabuco,C20,,U20,Cha,M030,1,Compuesta,-65.246000000,-32.671000000,10-05-22,0.0,10.0,2.4,0.62,1.38,-5.072667,-6.214889,Buena,,,
Argentina,F14,Chacabuco,C20,,U20,Cha,M031,1,Compuesta,-65.246000000,-32.671000000,10-05-22,10.0,30.0,2.4,0.56,1.45,0.000000,0.000000,Buena,,,
Argentina,F15,Oliveros,C21,,U21,Oli,M032,1,Compuesta,-60.880000000,-32.560000000,04-05-22,0.0,10.0,2.4,1.56,1.35,4.366000,0.111000,,,,
Argentina,F15,Oliveros,C21,,U21,Oli,M033,1,Compuesta,-60.880000000,-32.560000000,04-05-22,10.0,30.0,2.4,1.44,1.41,0.000000,0.000000,,,,
Argentina,F15,Oliveros,C21,,U21,Oli,M034,1,Compuesta,-60.880000000,-32.560000000,04-05-22,0.0,10.0,0.5,1.70,1.26,0.000000,0.000000,,,,
Argentina,F15,Oliveros,C21,,U21,Oli,M035,1,Compuesta,-60.880000000,-32.560000000,04-05-22,10.0,30.0,0.5,1.21,1.36,0.000000,0.000000,,este grupo son del mismo campos y UE con la misma fecha y solo dos profundidades diefrentes y se coloca una sola coordenadas para los cuatros registros,,
Argentina,F16,Suipacha,C22,,U22,Sui,M036,1,Compuesta,-59.812200000,-34.628600000,10-05-22,0.0,10.0,2.8,2.73,1.39,1.067800,-2.068600,Buena,,,
Argentina,F16,Suipacha,C22,,U22,Sui,M037,1,Compuesta,-59.812200000,-34.628600000,10-05-22,10.0,30.0,2.8,1.67,1.24,0.000000,0.000000,Buena,,,
Argentina,F17,San Antonio de Areco,C23,,U23,SAA,M038,1,Compuesta,-59.566600000,-34.189700000,20-04-22,0.0,10.0,10,1.93,1.26,0.245600,0.438900,,,,
Argentina,F17,San Antonio de Areco,C23,,U23,SAA,M039,1,Compuesta,-59.566600000,-34.189700000,20-04-22,10.0,30.0,10,1.37,1.43,0.000000,0.000000,,,,
Argentina,F17,San Antonio de Areco,C23,,U23,SAA,M040,1,Compuesta,-59.566600000,-34.189700000,20-04-22,0.0,10.0,6.4,1.85,1.31,0.000000,0.000000,,,,
Argentina,F17,San Antonio de Areco,C23,,U23,SAA,M041,1,Compuesta,-59.566600000,-34.189700000,20-04-22,10.0,30.0,6.4,1.38,1.41,0.000000,0.000000,,este grupo son del mismo campos y UE con la misma fecha y solo dos profundidades diefrentes y se coloca una sola coordenadas para los cuatros registros,26/13,
Nicaragua,F18,El Quebracho,C24,Ni_1,U24,PMSSA,M042,1,Compuesta,-86.246312820,13.403279629,10-05-22,0.0,20.0,9.15,8.49,0.87,-86.246313,13.403280,,,,"dice que son UE dieferentes pero tiene las mismas coordenadas, fecha y profundidad"
Nicaragua,F18,El Quebracho,C24,Ni_2,U25,Tradicional,M043,2,Compuesta,-86.246312820,13.403279629,10-05-22,0.0,20.0,0.45,7.27,0.90,0.000000,0.000000,no se justifica,Diferente UE,Dejar uno solo,
Nicaragua,F19,Reserva Linda Vista,C25,Ni_3,U26,PMSSA,M044,3,Compuesta,-86.245296940,13.400292823,10-05-22,0.0,20.0,9.15,5.81,0.97,0.001016,-0.002987,,,,
Nicaragua,F19,Reserva Linda Vista,C25,Ni_4,U27,Tradicional,M045,4,Compuesta,-86.245296940,13.400292823,10-05-22,0.0,20.0,0.45,7.67,1.00,0.000000,0.000000,no se justifica,Diferente UE,Dejar uno solo,
Nicaragua,F20,Las Flores,C26,Ni_5,U28,PMSSA,M046,5,Compuesta,-86.277973779,13.375442048,10-05-22,0.0,20.0,5.87,3.11,1.23,-0.032677,-0.024851,,,,
Nicaragua,F20,Las Flores,C26,Ni_6,U29,Tradicional,M047,6,Compuesta,-86.277973779,13.375442048,10-05-22,0.0,20.0,2.9,1.50,1.28,0.000000,0.000000,no se justifica,Diferente UE,Dejar uno solo,
Nicaragua,F21,El Aguacate,C27,Ni_7,U30,PMSSA,M048,7,Compuesta,-86.529014166,13.474918905,10-05-22,0.0,20.0,9.16,2.34,1.17,-0.251040,0.099477,,,,
Nicaragua,F21,El Aguacate,C27,Ni_8,U31,Tradicional,M049,8,Compuesta,-86.529014166,13.474918905,10-05-22,0.0,20.0,4.321,1.51,1.24,0.000000,0.000000,no se justifica,,,
Nicaragua,F22,El Madroño,C28,Ni_9,U32,PMSSA,M050,9,Compuesta,-86.529014166,13.474918905,10-05-22,0.0,20.0,4.77,4.72,1.13,0.000000,0.000000,no se justifica,,,
Nicaragua,F22,El Madroño,C28,Ni_10,U33,Tradicional,M051,10,Compuesta,-86.529014166,13.474918905,10-05-22,0.0,20.0,2.38,2.92,1.16,0.000000,0.000000,no se justifica,Diferente CA y UE,Dejar uno solo,"dice que son CA y UE dieferentes pero tiene las mismas coordenadas, fecha y profundidad"
Nicaragua,F23,Los Canales,C29,Ni_11,U34,PMSSA,M052,11,Compuesta,-86.631236159,13.433233268,10-05-22,0.0,20.0,3.77,2.03,1.40,-0.102222,-0.041686,,,,
Nicaragua,F23,Los Canales,C29,Ni_12,U35,Tradicional,M053,12,Compuesta,-86.631236159,13.433233268,10-05-22,0.0,20.0,2.38,1.87,1.45,0.000000,0.000000,no se justifica,Diferente UE,Dejar uno solo,5
Colombia,F24,Flor del Campo,C30,L-1,U36,ST,M054,1,Compuesta,-73.818611111,5.662777778,,0.0,20.0,18.6,6.46,0.76,-73.818611,5.662778,Buena,,,
Colombia,F24,Flor del Campo,C31,L_2,U37,SSP,M055,1,Compuesta,-73.818611111,5.663055556,,0.0,20.0,26.3,7.27,0.70,0.000000,0.000278,Buena,,,
Colombia,F24,Flor del Campo,C32,L_3,U38,SR,M056,1,Compuesta,-73.818333333,5.646666667,,0.0,20.0,23.4,6.78,0.73,0.000278,-0.016389,Buena,,3,
Uruguay,F25,FVET-UDELAR,C33,Piloto_1,U39,UH_1_TestigoEflu,M057,201171-1,Compuesta,-56.544176000,-34.680535000,12-02-22,,,17.5,,,-56.544176,-34.680535,1,Sin profundidad,,
Uruguay,F25,FVET-UDELAR,C33,Piloto_1,U40,UH_1_AplicEflu,M058,201171-3,Compuesta,-56.543418000,-34.679394000,12-02-22,,,27.4,,,0.000758,0.001141,2,Sin profundidad,,
Uruguay,F25,FVET-UDELAR,C33,Piloto_1,U39,UH_1_TestigoEflu,M059,204416-1,Compuesta,-56.544176000,-34.680535000,16-05-22,0.0,2.5,,2.50,,-0.000758,-0.001141,1,Buena,,
Uruguay,F25,FVET-UDELAR,C33,Piloto_1,U39,UH_1_TestigoEflu,M060,204416-2,Compuesta,-56.544176000,-34.680535000,16-05-22,2.5,7.5,,1.80,,0.000000,0.000000,1,Buena,,
Uruguay,F25,FVET-UDELAR,C33,Piloto_1,U39,UH_1_TestigoEflu,M061,204416-3,Compuesta,-56.544176000,-34.680535000,16-05-22,7.5,15.0,,1.30,,0.000000,0.000000,1,Buena,,
Uruguay,F25,FVET-UDELAR,C33,Piloto_1,U40,UH_1_AplicEflu,M062,204416-4,Compuesta,-56.543418000,-34.679394000,16-05-22,0.0,2.5,,2.90,,0.000758,0.001141,2,Buena,,
Uruguay,F25,FVET-UDELAR,C33,Piloto_1,U40,UH_1_AplicEflu,M063,204416-5,Compuesta,-56.543418000,-34.679394000,16-05-22,2.5,7.5,,2.80,,0.000000,0.000000,2,Buena,,
Uruguay,F25,FVET-UDELAR,C33,Piloto_1,U40,UH_1_AplicEflu,M064,204416-6,Compuesta,-56.543418000,-34.679394000,16-05-22,7.5,15.0,,1.50,,0.000000,0.000000,2,Buena,,
Uruguay,F25,FVET-UDELAR,C33,Piloto_1,U39,UH_1_TestigoEflu,M065,28,Simple,-56.544176000,-34.680535000,06-06-22,2.5,7.5,,,1.40,-0.000758,-0.001141,1,,,
Uruguay,F25,FVET-UDELAR,C33,Piloto_1,U39,UH_1_TestigoEflu,M066,GB153,Simple,-56.544176000,-34.680535000,06-06-22,2.5,7.5,,,1.43,0.000000,0.000000,1,,,
Uruguay,F25,FVET-UDELAR,C33,Piloto_1,U39,UH_1_TestigoEflu,M067,GB134,Simple,-56.544176000,-34.680535000,06-06-22,2.5,7.5,,,1.50,0.000000,0.000000,1,,,
Uruguay,F25,FVET-UDELAR,C33,Piloto_1,U39,UH_1_TestigoEflu,M068,GB145,Simple,-56.544176000,-34.680535000,06-06-22,2.5,7.5,,,1.42,0.000000,0.000000,1,,,
Uruguay,F25,FVET-UDELAR,C33,Piloto_1,U39,UH_1_TestigoEflu,M069,46,Simple,-56.544176000,-34.680535000,06-06-22,2.5,7.5,,,1.23,0.000000,0.000000,1,,,
Uruguay,F25,FVET-UDELAR,C33,Piloto_1,U39,UH_1_TestigoEflu,M070,GB146,Simple,-56.544176000,-34.680535000,06-06-22,2.5,7.5,,,1.29,0.000000,0.000000,1,,,
Uruguay,F25,FVET-UDELAR,C33,Piloto_1,U39,UH_1_TestigoEflu,M071,GB157,Simple,-56.544176000,-34.680535000,06-06-22,2.5,7.5,,,1.33,0.000000,0.000000,1,"En este grupos todos tienen el mismo ca, ue, la misma fecha y la misma profundidad",,
Uruguay,F25,FVET-UDELAR,C33,Piloto_1,U40,UH_1_AplicEflu,M072,57,Simple,-56.543418000,-34.679394000,06-06-22,2.5,7.5,,,1.45,0.000758,0.001141,2,,,
Uruguay,F25,FVET-UDELAR,C33,Piloto_1,U40,UH_1_AplicEflu,M073,GB142,Simple,-56.543418000,-34.679394000,06-06-22,2.5,7.5,,,1.33,0.000000,0.000000,2,,,
Uruguay,F25,FVET-UDELAR,C33,Piloto_1,U40,UH_1_AplicEflu,M074,GB131,Simple,-56.543418000,-34.679394000,06-06-22,2.5,7.5,,,1.38,0.000000,0.000000,2,,,
Uruguay,F25,FVET-UDELAR,C33,Piloto_1,U40,UH_1_AplicEflu,M075,GB147,Simple,-56.543418000,-34.679394000,06-06-22,2.5,7.5,,,1.41,0.000000,0.000000,2,,,
Uruguay,F25,FVET-UDELAR,C33,Piloto_1,U40,UH_1_AplicEflu,M076,51,Simple,-56.543418000,-34.679394000,06-06-22,2.5,7.5,,,1.52,0.000000,0.000000,2,,,
Uruguay,F25,FVET-UDELAR,C33,Piloto_1,U40,UH_1_AplicEflu,M077,56,Simple,-56.543418000,-34.679394000,06-06-22,2.5,7.5,,,1.45,0.000000,0.000000,2,,,
Uruguay,F25,FVET-UDELAR,C33,Piloto_1,U40,UH_1_AplicEflu,M078,GB133,Simple,-56.543418000,-34.679394000,06-06-22,2.5,7.5,,,1.32,0.000000,0.000000,2,,,
Uruguay,F25,FVET-UDELAR,C33,Piloto_1,U40,UH_1_AplicEflu,M079,6,Simple,-56.543418000,-34.679394000,06-06-22,2.5,7.5,,,1.31,0.000000,0.000000,2,"En este grupos todos tienen el mismo ca, ue, la misma fecha y la misma profundidad",,
Uruguay,F25,FVET-UDELAR,C33,Piloto_1,U39,UH_1_TestigoEflu,M080,Suelo-testigo-liquido,Compuesta,-56.544176000,-34.680535000,24-05-22,0.0,15.0,,,,-0.000758,-0.001141,1,Buena,,
Uruguay,F25,FVET-UDELAR,C33,Piloto_1,U40,UH_1_AplicEflu,M081,Suelo-Aplicacion-liquido,Compuesta,-56.543418000,-34.679394000,24-05-22,0.0,15.0,,,,0.000758,0.001141,2,Buena,,
Uruguay,F25,FVET-UDELAR,C33,Piloto_1,U39,UH_1_TestigoEflu,M082,Testigo L,Compuesta,-56.544176000,-34.680535000,20-06-22,0.0,15.0,,,,-0.000758,-0.001141,1,,,
Uruguay,F25,FVET-UDELAR,C33,Piloto_1,U39,UH_1_TestigoEflu,M083,Testigo L,Compuesta,-56.544176000,-34.680535000,20-06-22,0.0,15.0,,,,0.000000,0.000000,1,,,
Uruguay,F25,FVET-UDELAR,C33,Piloto_1,U39,UH_1_TestigoEflu,M084,Testigo L,Compuesta,-56.544176000,-34.680535000,20-06-22,0.0,15.0,,,,0.000000,0.000000,1,"En este grupos todos tienen el mismo ca, ue, la misma fecha y la misma profundidad",,
Uruguay,F25,FVET-UDELAR,C33,Piloto_1,U40,UH_1_AplicEflu,M085,liquido,Compuesta,-56.543418000,-34.679394000,20-06-22,0.0,15.0,,,,0.000758,0.001141,2,,,
Uruguay,F25,FVET-UDELAR,C33,Piloto_1,U40,UH_1_AplicEflu,M086,liquido,Compuesta,-56.543418000,-34.679394000,20-06-22,0.0,15.0,,,,0.000000,0.000000,2,,,
Uruguay,F25,FVET-UDELAR,C33,Piloto_1,U40,UH_1_AplicEflu,M087,liquido,Compuesta,-56.543418000,-34.679394000,20-06-22,0.0,15.0,,,,0.000000,0.000000,2,"En este grupos todos tienen el mismo ca, ue, la misma fecha y la misma profundidad",,
Uruguay,F25,FVET-UDELAR,C34,Piloto_2,U41,UH_2_TestigoSol,M088,201171-2,Compuesta,-56.544176000,-34.680535000,12-02-22,,,19.7,,,-0.000758,-0.001141,1,Sin profundidad repetido,,
Uruguay,F25,FVET-UDELAR,C34,Piloto_2,U42,UH_2_AplicSol,M089,201171-4,Compuesta,-56.543418000,-34.679394000,12-02-22,,,42.7,,,0.000758,0.001141,2,Sin profundidad repetido,,
Uruguay,F25,FVET-UDELAR,C34,Piloto_2,U41,UH_2_TestigoSol,M090,204416-7,Compuesta,-56.536733000,-34.685705000,16-05-22,0.0,2.5,,1.30,,0.006685,-0.006311,3,Buena,,
Uruguay,F25,FVET-UDELAR,C34,Piloto_2,U41,UH_2_TestigoSol,M091,204416-8,Compuesta,-56.536733000,-34.685705000,16-05-22,2.5,7.5,,1.30,,0.000000,0.000000,3,Buena,,
Uruguay,F25,FVET-UDELAR,C34,Piloto_2,U41,UH_2_TestigoSol,M092,204416-9,Compuesta,-56.536733000,-34.685705000,16-05-22,7.5,15.0,,1.30,,0.000000,0.000000,3,Buena,,
Uruguay,F25,FVET-UDELAR,C34,Piloto_2,U42,UH_2_AplicSol,M093,204416-10,Compuesta,-56.537537000,-34.686653000,16-05-22,0.0,2.5,,1.50,,-0.000804,-0.000948,4,Buena,,
Uruguay,F25,FVET-UDELAR,C34,Piloto_2,U42,UH_2_AplicSol,M094,204416-11,Compuesta,-56.537537000,-34.686653000,16-05-22,2.5,7.5,,1.50,,0.000000,0.000000,4,Buena,,
Uruguay,F25,FVET-UDELAR,C34,Piloto_2,U42,UH_2_AplicSol,M095,204416-12,Compuesta,-56.537537000,-34.686653000,16-05-22,7.5,15.0,,0.80,,0.000000,0.000000,4,Buena,,
Uruguay,F25,FVET-UDELAR,C34,Piloto_2,U41,UH_2_TestigoSol,M096,GB158,Simple,-56.536733000,-34.685705000,06-06-22,2.5,7.5,,,1.25,0.000804,0.000948,3,,,
Uruguay,F25,FVET-UDELAR,C34,Piloto_2,U41,UH_2_TestigoSol,M097,22,Simple,-56.536733000,-34.685705000,06-06-22,2.5,7.5,,,1.09,0.000000,0.000000,3,,,
Uruguay,F25,FVET-UDELAR,C34,Piloto_2,U41,UH_2_TestigoSol,M098,21/62,Simple,-56.536733000,-34.685705000,06-06-22,2.5,7.5,,,1.31,0.000000,0.000000,3,,,
Uruguay,F25,FVET-UDELAR,C34,Piloto_2,U41,UH_2_TestigoSol,M099,GB144,Simple,-56.536733000,-34.685705000,06-06-22,2.5,7.5,,,1.28,0.000000,0.000000,3,,,
Uruguay,F25,FVET-UDELAR,C34,Piloto_2,U41,UH_2_TestigoSol,M100,11,Simple,-56.536733000,-34.685705000,06-06-22,2.5,7.5,,,1.24,0.000000,0.000000,3,,,
Uruguay,F25,FVET-UDELAR,C34,Piloto_2,U41,UH_2_TestigoSol,M101,16/47,Simple,-56.536733000,-34.685705000,06-06-22,2.5,7.5,,,1.31,0.000000,0.000000,3,este grupo tienen la misma fecha y profundidad,,
Uruguay,F25,FVET-UDELAR,C34,Piloto_2,U42,UH_2_AplicSol,M102,58/23,Simple,-56.537537000,-34.686653000,06-06-22,2.5,7.5,,,1.21,-0.000804,-0.000948,4,,,
Uruguay,F25,FVET-UDELAR,C34,Piloto_2,U42,UH_2_AplicSol,M103,7,Simple,-56.537537000,-34.686653000,06-06-22,2.5,7.5,,,1.30,0.000000,0.000000,4,,,
Uruguay,F25,FVET-UDELAR,C34,Piloto_2,U42,UH_2_AplicSol,M104,5,Simple,-56.537537000,-34.686653000,06-06-22,2.5,7.5,,,1.40,0.000000,0.000000,4,,,
Uruguay,F25,FVET-UDELAR,C34,Piloto_2,U42,UH_2_AplicSol,M105,GB136,Simple,-56.537537000,-34.686653000,06-06-22,2.5,7.5,,,1.31,0.000000,0.000000,4,,,
Uruguay,F25,FVET-UDELAR,C34,Piloto_2,U42,UH_2_AplicSol,M106,GB130,Simple,-56.537537000,-34.686653000,06-06-22,2.5,7.5,,,1.36,0.000000,0.000000,4,,,
Uruguay,F25,FVET-UDELAR,C34,Piloto_2,U42,UH_2_AplicSol,M107,GB140,Simple,-56.537537000,-34.686653000,06-06-22,2.5,7.5,,,1.33,0.000000,0.000000,4,este grupo tiene misma fecha y profundidad,,
Uruguay,F25,FVET-UDELAR,C34,Piloto_2,U41,UH_2_TestigoSol,M108,Suelo-testigo-Solido,Compuesta,-56.536733000,-34.685705000,24-05-22,0.0,15.0,,,,0.000804,0.000948,3,Buena,,
Uruguay,F25,FVET-UDELAR,C34,Piloto_2,U42,UH_2_AplicSol,M109,Suelo-Aplicacion-Solido,Compuesta,-56.537537000,-34.686653000,24-05-22,0.0,15.0,,,,-0.000804,-0.000948,4,Buena,,
Uruguay,F25,FVET-UDELAR,C34,Piloto_2,U41,UH_2_TestigoSol,M110,Testigo S,Compuesta,-56.536733000,-34.685705000,20-06-22,0.0,15.0,,,,0.000804,0.000948,3,,,
Uruguay,F25,FVET-UDELAR,C34,Piloto_2,U41,UH_2_TestigoSol,M111,Testigo S,Compuesta,-56.536733000,-34.685705000,20-06-22,0.0,15.0,,,,0.000000,0.000000,3,,,
Uruguay,F25,FVET-UDELAR,C34,Piloto_2,U41,UH_2_TestigoSol,M112,Testigo S,Compuesta,-56.536733000,-34.685705000,20-06-22,0.0,15.0,,,,0.000000,0.000000,3,este grupo tienen la misma fecha y profundidad,,
Uruguay,F25,FVET-UDELAR,C34,Piloto_2,U42,UH_2_AplicSol,M113,solido,Compuesta,-56.537537000,-34.686653000,20-06-22,0.0,15.0,,,,-0.000804,-0.000948,4,,,
Uruguay,F25,FVET-UDELAR,C34,Piloto_2,U42,UH_2_AplicSol,M114,solido,Compuesta,-56.537537000,-34.686653000,20-06-22,0.0,15.0,,,,0.000000,0.000000,4,,,
Uruguay,F25,FVET-UDELAR,C34,Piloto_2,U42,UH_2_AplicSol,M115,solido,Compuesta,-56.537537000,-34.686653000,20-06-22,0.0,15.0,,,,0.000000,0.000000,4,este grupo poseen la misma fecha y profundidad,,
Uruguay,F25,FVET-UDELAR,C34,Piloto_2,U41,UH_2_TestigoSol,M116,204416-7,Compuesta,-56.536733000,-34.685705000,16-05-22,0.0,2.5,,,,0.000804,0.000948,3,Buena,,
Uruguay,F25,FVET-UDELAR,C34,Piloto_2,U41,UH_2_TestigoSol,M117,204416-8,Compuesta,-56.536733000,-34.685705000,16-05-22,2.5,7.5,,,,0.000000,0.000000,3,Buena,,
Uruguay,F25,FVET-UDELAR,C34,Piloto_2,U41,UH_2_TestigoSol,M118,204416-9,Compuesta,-56.536733000,-34.685705000,16-05-22,7.5,15.0,,,,0.000000,0.000000,3,Buena,,
Uruguay,F25,FVET-UDELAR,C34,Piloto_2,U42,UH_2_AplicSol,M119,204416-10,Compuesta,-56.537537000,-34.686653000,16-05-22,0.0,2.5,,,,-0.000804,-0.000948,4,Buena,,
Uruguay,F25,FVET-UDELAR,C34,Piloto_2,U42,UH_2_AplicSol,M120,204416-11,Compuesta,-56.537537000,-34.686653000,16-05-22,2.5,7.5,,,,0.000000,0.000000,4,Buena,,
Uruguay,F25,FVET-UDELAR,C34,Piloto_2,U42,UH_2_AplicSol,M121,204416-12,Compuesta,-56.537537000,-34.686653000,16-05-22,7.5,15.0,,,,0.000000,0.000000,4,Buena,31,
Costa Rica,F26,Finca1,C35,F1,U43,F1,M122,22119801,Compuesta,-84.505760000,9.944970000,29-08-22,0.0,20.0,8.1,5.86,0.97,-84.505760,9.944970,Buena,,,
Costa Rica,F27,Finca2,C36,F2,U44,F2,M123,22119802,Compuesta,-84.506260000,9.951890000,31-08-22,0.0,20.0,3.3,7.49,0.86,-0.000500,0.006920,Buena,,,
Costa Rica,F28,Finca3,C37,F3,U45,F3,M124,22119803,Compuesta,-84.453310000,10.030290000,30-08-22,0.0,20.0,0.09,0.56,0.88,0.052950,0.078400,Buena,,,
Costa Rica,F29,Finca4,C38,F4,U46,F4,M125,22119804,Compuesta,-84.450880000,10.030630000,30-08-22,0.0,20.0,0.46,5.13,1.42,0.002430,0.000340,Buena,,,
Costa Rica,F30,Finca5,C39,F5,U47,F5,M126,22119805,Compuesta,-84.455560000,10.026670000,30-08-22,0.0,20.0,0.37,3.68,0.84,-0.004680,-0.003960,Buena,,,
Costa Rica,F31,Finca6,C40,F6,U48,F6,M127,22119806,Compuesta,-84.475570000,10.013040000,30-08-22,0.0,20.0,0.82,0.99,1.01,-0.020010,-0.013630,Buena,,,
Costa Rica,F32,Finca7,C41,F7,U49,F7,M128,22119807,Compuesta,-84.476080000,10.022710000,30-08-22,0.0,20.0,0.64,1.60,1.13,-0.000510,0.009670,Buena,,,
Costa Rica,F33,Finca8,C42,F8,U50,F8,M129,22119808,Compuesta,-84.443540000,10.075500000,30-08-22,0.0,20.0,0.85,2.86,0.99,0.032540,0.052790,Buena,,,
Costa Rica,F34,Finca9,C43,F9,U51,F9,M130,22119809,Compuesta,-84.432530000,10.045290000,01-09-22,0.0,20.0,0.55,3.97,0.73,0.011010,-0.030210,Buena,,,
Costa Rica,F35,Finca10,C44,F10,U52,F10,M131,22119810,Compuesta,-84.461020000,10.026680000,01-09-22,0.0,20.0,0.046,2.41,0.98,-0.028490,-0.018610,Buena,,,
Costa Rica,F36,Finca11,C45,F11,U53,F11,M132,22119811,Compuesta,-84.448980000,10.007690000,01-09-22,0.0,20.0,0.59,2.98,1.00,0.012040,-0.018990,Buena,,,
Costa Rica,F37,Finca12,C46,F12,U54,F12,M133,22119812,Compuesta,-84.450120000,10.009720000,01-09-22,0.0,20.0,0.85,2.32,1.06,-0.001140,0.002030,Buena,,,
Costa Rica,F38,Finca13,C47,F13,U55,F13,M134,22119813,Compuesta,-84.556860000,9.948260000,31-08-22,0.0,20.0,4.8,3.09,1.17,-0.106740,-0.061460,Buena,,,
Costa Rica,F39,Finca14,C48,F14,U56,F14,M135,22119814,Compuesta,-84.596640000,9.955800000,31-08-22,0.0,20.0,1,3.12,1.08,-0.039780,0.007540,Buena,,,
Costa Rica,F40,Finca15,C49,F15,U57,F15,M136,22119815,Compuesta,-84.468580000,9.963360000,29-08-22,0.0,20.0,2.7,1.71,1.11,0.128060,0.007560,Buena,,,
Costa Rica,F41,Finca16,C50,F16,U58,F16,M137,22119816,Compuesta,-84.476380000,9.950400000,31-08-22,0.0,20.0,7.4,2.71,1.09,-0.007800,-0.012960,Buena,16,,
Paraguay,F42,Finca_A,C51,UE1-Parcela 1= Yerba mate con siembra directa,U59,UE_1,M138,1,Compuesta,-55.331450000,-26.701278000,10-08-22,0,30,7,1.27,1.37,-55.331450,-26.701278,Buena,,,
Paraguay,F42,Finca_A,C52,UE2-Parcela 2= Sistema de rotación Soja/maíz,U60,UE_2,M139,2,Compuesta,-55.326616000,-26.706680000,10-08-22,0,30,2.5,1.66,1.4,0.004834,-0.005402,Buena,,,
Paraguay,F42,Finca_A,C53,UE3-Parcela 3= Área boscosa,U61,UE_3,M140,3,Compuesta,-55.326220000,-26.705774000,10-08-22,0,30,0,1.99,1.22,0.000396,0.000906,Buena,,3,
